,aveugle,optimale,aleatoire
aveugle,0.525,0.46499999999999997,0.763
optimale,0.5720000000000001,0.511,0.747
aleatoire,0.28500000000000003,0.29300000000000004,0.528
