,aveugle,optimale,aleatoire
aveugle,0.5369999999999999,0.482,0.649
optimale,0.598,0.5329999999999999,0.6950000000000001
aleatoire,0.395,0.353,0.516
